"Query.Mass","Matched.Compound","Matched.Form","Mass.Diff"
"740.821886875198","5-DIPHOSPHO-1D-MYO-INOSITOL-12346P","M(S34)-H[-]","0.0056623653679253"
"740.821886875198","5-DIPHOSPHO-1D-MYO-INOSITOL-12346P","M(Cl37)-H[-]","0.00426236536793567"
"740.821886875198","CPD-11700","M(S34)-H[-]","0.0056623653679253"
"740.821886875198","CPD-11700","M(Cl37)-H[-]","0.00426236536793567"
"740.821886875198","CPD-11937","M(S34)-H[-]","0.0056623653679253"
"740.821886875198","CPD-11937","M(Cl37)-H[-]","0.00426236536793567"
"196.92901826607","FUM","M+Br81[-]","0.00175964926998518"
"231.139346748283","CPD-3184","M+ACN-H[-]","0.00164010105299894"
"239.16587332598","CPD0-1159","M-H+O[-]","0.00060977814999319"
"259.192241315047","DODECANOATE","M+CH3COO[-]","0.00131630044700159"
"902.370456108577","CPD0-1080","M-H2O-H[-]","0.00684520304696434"
"319.228996791032","ARACHIDONIC_ACID","M-H+O[-]","0.00113298640201265"
"529.681966451319","3-OXOPRISTANOYL-COA","M-2H[2-]","0.00369856748898201"
"91.021318882676","3-HYDROXY-PROPIONATE","M(Cl37)-H[-]","0.000298709454014556"
"91.021318882676","D-LACTATE","M(Cl37)-H[-]","0.000298709454014556"
"91.021318882676","C00184","M(Cl37)-H[-]","0.000298709454014556"
"91.021318882676","GLYCERALD","M(Cl37)-H[-]","0.000298709454014556"
"91.021318882676","L-LACTATE","M(Cl37)-H[-]","0.000298709454014556"
"456.162255996482","5-10-METHENYL-THF","M(C13)-H[-]","0.0029759880520146"
"456.162255996482","METHYLENE-THF","M-H[-]","0.00144904404800172"
"469.834869793244","DIIODO-L-TYROSINE","M+Cl37[-]","0.00179063284406311"
"125.02388350853","CATECHOL","M-H+O[-]","0.000529461499993999"
"281.143693256685","CPD-3482","M+ACN-H[-]","0.00108274415504184"
"281.143693256685","CPD-3484","M+ACN-H[-]","0.00108274415504184"
"439.136719179907","CPD-12016","M+HCOO[-]","0.00145848650697644"
"411.15492259758","17-ALPHA20-ALPHA-DIHYDROXYPREGN-4-EN-3-","M+Br[-]","0.00147770408005954"
"411.15492259758","CPD66-23","M+Br[-]","0.00147770408005954"
"183.102696306907","CPD-7618","M-H+O[-]","3.30158770225353e-05"
"183.102696306907","CPD-9976","M-H+O[-]","3.30158770225353e-05"
"183.102696306907","CPD-9977","M-H+O[-]","3.30158770225353e-05"
"84.0083418335907","CARBON-DIOXIDE","M+ACN-H[-]","0.000755943839294559"
"84.0083418335907","CPD-3344","M-H2O-H[-]","0.000724731639294873"
"93.0338315256835","CPD-289","M-H2O-H[-]","0.000721508546504879"
"367.250262499585","CPD-7598","M+Na-2H[-]","0.000385996024988344"
"287.223725151126","CPD-11268","M(S34)-H[-]","0.00167461010397574"
"287.223725151126","CPD-7836","M+CH3COO[-]","0.00150000812601547"
"193.087044258028","1-INDANOL","M+CH3COO[-]","0.000584314927976948"
"251.165935329715","CPD-7204","M+CH3COO[-]","0.00122506561501723"
"207.139179208291","CPD-7204","M-H+O[-]","0.000130410961020289"
"367.215682601869","13E-11-ALPHA-HYDROXY-915-DIOXOPROST-1","M-H+O[-]","0.00307493093902167"
"367.215682601869","20-OH-LTB4","M-H+O[-]","0.00307493093902167"
"367.215682601869","5Z13E-15S-1115-DIHYDROXY-9-OXOPROS","M-H+O[-]","0.00307493093902167"
"367.215682601869","5Z13E-15S-69-ALPHA-EPOXY-11-ALPHA","M-H+O[-]","0.00307493093902167"
"367.215682601869","5Z13E-15S-9-ALPHA15-DIHYDROXY-11-O","M-H+O[-]","0.00307493093902167"
"367.215682601869","ALPHA-HYDROXY-915-DIOXOPROSTANOATE","M-H+O[-]","0.00307493093902167"
"367.215682601869","ALPHA11-ALPHA-EPOXY-15-HYDROXYTHROMBA","M-H+O[-]","0.00307493093902167"
"367.215682601869","PROSTAGLANDIN-H2","M-H+O[-]","0.00307493093902167"
"608.256614391871","TAUROLITHOCHOLATE-SULFATE","M+HCOO[-]","0.000310585371039451"
"593.74221260706","CPD1G-332","M-2H[2-]","0.00388715537985718"
"601.907179097053","CPD0-1905","M+Br[-]","0.00178068194702519"
"601.907179097053","GTP","M+Br[-]","0.00178068194702519"
"446.15625724696","THF","M(S34)-H[-]","0.00324779356992622"
"76.9872439174709","OXYGEN-MOLECULE","M+HCOO[-]","0.000230326729095509"
"241.072608222143","4-HYDROXYPHENYLLACTATE","M+CH3COO[-]","0.00140441274299974"
"241.072608222143","CPD-11876","M+CH3COO[-]","0.00140441274299974"
"241.072608222143","CPD-7651","M+CH3COO[-]","0.00140441274299974"
"325.239747648912","LINOLEIC_ACID","M+HCOO[-]","0.00187237751197245"
"172.957857396632","S2O3","M+CH3COO[-]","2.70861319791038e-05"
"460.170653584864","5-METHYL-THF","M(S34)-H[-]","0.00450151986592573"
"315.197846546217","RETINOATE","M-H+O[-]","0.00128286998705107"
"244.098639683726","CPD-11406","M-H+O[-]","0.000727419595989431"
"239.165883705199","CPD0-1159","M-H+O[-]","0.000620157369013441"
"369.229624688883","5Z13E-15S-9-ALPHA11-ALPHA15-TRIHY","M-H+O[-]","0.00136695375300633"
"369.229624688883","ALPROSTADIL","M-H+O[-]","0.00136695375300633"
"215.165508239342","DODECANOATE","M-H+O[-]","0.000244691511994688"
"287.223698574619","CPD-11268","M(S34)-H[-]","0.00170118661100105"
"287.223698574619","CPD-7836","M+CH3COO[-]","0.00147343161899016"
"181.123316818498","CPD-4886","M+HCOO[-]","0.000471304898013614"
"181.123316818498","CPD-8785","M+HCOO[-]","0.000471304898013614"
"281.143681181171","CPD-3482","M+ACN-H[-]","0.00107066864103444"
"281.143681181171","CPD-3484","M+ACN-H[-]","0.00107066864103444"
"407.144265227657","BETA-HYDROXYANDROST-5-EN-17-ONE-3-SULFAT","M+Cl37[-]","0.00302953584298393"
"121.028917266741","C00633","M-H[-]","0.000585703288990658"
"215.165499326136","DODECANOATE","M-H+O[-]","0.000235778306006296"
"200.165789328977","CPD-10548","M-2H[2-]","0.00182456465296355"
"200.165789328977","CPD-14702","M-2H[2-]","0.00182456465296355"
"200.165789328977","CPD-266","M-2H[2-]","0.00182456465296355"
"200.165789328977","CPD-7239","M-2H[2-]","0.00182456465296355"
"200.165789328977","CPD-7240","M-2H[2-]","0.00182456465296355"
"200.165789328977","CPD-7285","M-2H[2-]","0.00182456465296355"
"200.165789328977","CPD-7287","M-2H[2-]","0.00182456465296355"
"197.118501484176","CPD-10050","M+HCOO[-]","0.000741348475997938"
"197.118501484176","CPD-10051","M+HCOO[-]","0.000741348475997938"
"197.118501484176","CPD-260","M+HCOO[-]","0.000741348475997938"
"197.118501484176","CPD-261","M+HCOO[-]","0.000741348475997938"
"197.118501484176","CPD-9762","M+HCOO[-]","0.000741348475997938"
"197.118501484176","C01499","M+HCOO[-]","0.000741348475997938"
"269.140337617011","CPD-731","M+CH3COO[-]","0.00144817291106847"
"239.165872517251","CPD0-1159","M-H+O[-]","0.000608969420994754"
"181.159733959339","DODECANOATE","M-H2O-H[-]","1.95884909715005e-05"
"165.091839547868","C01149","M+Cl[-]","0.000249593031981021"
"165.091839547868","AGMATHINE","M+Cl[-]","0.00109307766800271"
"165.091839547868","CPD-9978","M-H[-]","0.000263678961971436"
"98.0240405060596","AMINO-OXOBUT","M-H2O-H[-]","0.000676123370396908"
"93.0006283976504","CPD-7046","M+CH3COO[-]","0.000387356549595097"
"93.0006283976504","CPD-7671","M+HCOO[-]","0.000387420749589751"
"93.0006283976504","HS","M+CH3COO[-]","0.000387356549595097"
"271.228791633797","PALMITATE","M-H+O[-]","0.000927829167039818"
"199.170430190303","DODECANOATE","M-H[-]","7.66424730045401e-05"
"143.070936446963","CPD-13228","M+CH3COO[-]","0.000126568062995602"
"143.070936446963","PRENAL","M+CH3COO[-]","0.000126568062995602"
"143.070936446963","TRANS-2-HEXENAL","M+HCOO[-]","0.000126503863015159"
"435.147628174564","C00255","M+CH3COO[-]","0.00395122083602928"
"675.29924643034","COPROPORPHYRINOGEN_I","M-H+O[-]","0.00430151289003788"
"675.29924643034","COPROPORPHYRINOGEN_III","M-H+O[-]","0.00430151289003788"
"227.202086032133","CPD-7836","M-H[-]","0.00043235590300128"
"641.263314813596","BILIVERDINE","M+CH3COO[-]","0.00218496879597296"
"165.01913887808","CPD-30","M+K-2H[-]","0.000786790879999444"
"165.01913887808","L-PIPECOLATE","M+K-2H[-]","0.000786790879999444"
"165.01913887808","CPD-11879","M-H2O-H[-]","0.000158022449966211"
"176.071542738997","CPD-11671","M-H[-]","0.000159396732982486"
"176.071542738997","CPD-341","M-H+O[-]","0.000154774632989074"
"176.071542738997","HYDRPHENYLAC-CPD","M+ACN-H[-]","0.000155295232985964"
"176.071542738997","INDOLE-3-GLYCOL","M-H[-]","0.000159396732982486"
"176.071542738997","PHENYLACETATE","M+ACN-H[-]","0.000155295232985964"
"199.170434498033","DODECANOATE","M-H[-]","8.09502029994746e-05"
"162.055799760505","CPD-468","M(S34)-H[-]","0.00153161942498059"
"162.055799760505","CPD-6122","M+K-2H[-]","0.000845765755002503"
"162.055799760505","C00633","M+ACN-H[-]","0.000248209524954746"
"162.055799760505","CPD-3193","M-H2O-H[-]","0.00021699732496927"
"162.055799760505","CPD-3194","M-H[-]","0.00025231102497969"
"162.055799760505","TYR","M-H2O-H[-]","0.00021699732496927"
"111.019346086006","C00106","M-H[-]","0.000654830224007696"
"80.9644432673684","HSO3","M-H[-]","0.000744886361616182"
"80.9644432673684","SO3","M-H[-]","0.000744886361616182"
"283.192446992704","CPD0-1159","M+CH3COO[-]","0.00152197810399457"
"209.118485138171","CPD-731","M-H[-]","0.000167160841016312"
"628.235871136761","CPD-13227","M(S34)-H[-]","0.00133468176898077"
"628.235871136761","CPD-13227","M(Cl37)-H[-]","0.0027346817689704"
"720.80534022859","5-DIPHOSPHO-1D-MYO-INOSITOL-12346P","M-H2O-H[-]","0.00448428124002476"
"720.80534022859","CPD-11700","M-H2O-H[-]","0.00448428124002476"
"720.80534022859","CPD-11937","M-H2O-H[-]","0.00448428124002476"
"516.181143133244","METHYLENE-THF","M+CH3COO[-]","0.00313337405600578"
"481.155759103898","CPD-12826","M+ACN-H[-]","0.00319080823197737"
"317.213346251654","CPD6666-1","M+K-2H[-]","0.000534434394012351"
"317.213346251654","5Z8Z10E14Z-12S-12-HYDROPEROXYICOS","M-H2O-H[-]","0.00116320282404558"
"317.213346251654","5Z8Z11Z13E-15S-15-HYDROPEROXYICOS","M-H2O-H[-]","0.00116320282404558"
"317.213346251654","5Z8Z11Z14Z17Z-EICOSAPENTAENOATE","M-H+O[-]","0.00113251122400015"
"317.213346251654","6E8Z11Z14Z-5S-5-HYDROPEROXYCOSA-6","M-H2O-H[-]","0.00116320282404558"
"317.213346251654","6Z8E10E14Z-5S12R-512-DIHYDROXYI","M-H2O-H[-]","0.00116320282404558"
"317.213346251654","CPD-8892","M-H[-]","0.00112788912400674"
"323.2239853601","CPD-8117","M+HCOO[-]","0.00176015289997622"
"323.2239853601","LINOLENIC_ACID","M+HCOO[-]","0.00176015289997622"
"498.166909999936","CPD-14704","M+Cl[-]","0.000825741764003851"
"377.235110230227","17-ALPHA20-ALPHA-DIHYDROXYPREGN-4-EN-3-","M+HCOO[-]","0.00232033672699572"
"377.235110230227","CPD-8892","M+CH3COO[-]","0.00232040092697616"
"377.235110230227","CPD66-23","M+HCOO[-]","0.00232033672699572"
"215.129026090316","CPD-10806","M+CH3COO[-]","0.000701332516001685"
"135.044632591081","HYDRPHENYLAC-CPD","M-H[-]","0.000520443148985805"
"135.044632591081","C00601","M-H+O[-]","0.000515821048992393"
"135.044632591081","PHENYLACETATE","M-H[-]","0.000520443148985805"
"207.139160059023","CPD-7204","M-H+O[-]","0.000111261693007236"
"459.142492496468","C01674","M+Cl[-]","0.00428274416793784"
"171.066153565337","CPD-289","M+CH3COO[-]","0.000429064336998408"
"171.066153565337","C03711","M+Na-2H[-]","0.00100754572301298"
"191.071273910612","1-INDANONE","M+CH3COO[-]","0.000464031711999269"
"179.071235228987","1-INDANOL","M+HCOO[-]","0.000425285886990423"
"179.071235228987","4-GUANIDO-BUTYRAMIDE","M+Cl[-]","0.00122420088700892"
"179.071235228987","C00601","M+CH3COO[-]","0.000425350086999288"
"299.133237377269","NALPHA-GAMMA-L-GLUTAMYLHISTAMINE","M+CH3COO[-]","0.00229802343096708"
"78.9582616291039","CARBON-DIOXIDE","M+Cl[-]","0.000467615096084728"
"283.265232057762","STEARIC_ACID","M-H[-]","0.000978124732000651"
"191.107643120382","CPD-731","M-H2O-H[-]","7.48569479753769e-05"
"78.9583495052711","CARBON-DIOXIDE","M+Cl[-]","0.000379738928884876"
"177.091854395043","CPD-396","M+ACN-H[-]","0.00109794041298983"
"172.076620442367","1-INDANONE","M+ACN-H[-]","0.000162969763010778"
"172.076620442367","CPD-12021","M-H2O-H[-]","0.000131757562996881"
"211.134278002278","CPD-10050","M+CH3COO[-]","0.000867866578005305"
"211.134278002278","CPD-10051","M+CH3COO[-]","0.000867866578005305"
"211.134278002278","CPD-260","M+CH3COO[-]","0.000867866578005305"
"211.134278002278","CPD-261","M+CH3COO[-]","0.000867866578005305"
"211.134278002278","CPD-9762","M+CH3COO[-]","0.000867866578005305"
"211.134278002278","C01499","M+CH3COO[-]","0.000867866578005305"
"215.165441349335","DODECANOATE","M-H+O[-]","0.000177801505003572"
"468.67959630948","CHLORDECONE-ALCOHOL","M-H2O-H[-]","0.0016190100499216"
"165.040571074741","CPD-8989","M(C13)-H[-]","0.00151637308900376"
"165.040571074741","CPD-8990","M(C13)-H[-]","0.00151637308900376"
"165.040571074741","C01475","M+Na-2H[-]","0.000769216319014276"
"165.040571074741","BETA-D-XYLOSE","M-H+O[-]","0.000114110010997592"
"165.040571074741","CPD-35","M+Na-2H[-]","0.000769216319014276"
"165.040571074741","C00310","M-H+O[-]","0.000114110010997592"
"165.040571074741","GLYCERATE","M+CH3COO[-]","0.000667393740997113"
"165.040571074741","L-XYLULOSE","M-H+O[-]","0.000114110010997592"
"165.040571074741","XYLOSE","M-H+O[-]","0.000114110010997592"
"376.117432866709","C07344","M+K-2H[-]","0.00220684685098149"
"96.9865011145196","ACET","M+Cl37[-]","0.000528258080407795"
"96.9865011145196","BORATE","M+Cl[-]","7.66519196133686e-05"
"163.039759718931","15-ANHYDRO-D-FRUCTOSE","M(S34)-H[-]","0.00158724579898717"
"163.039759718931","4-HYDROXYPHENYLLACTATE","M-H2O-H[-]","0.000272623698975849"
"163.039759718931","COUMARATE","M-H[-]","0.000307937398986269"
"163.039759718931","CPD-11876","M-H2O-H[-]","0.000272623698975849"
"163.039759718931","CPD-7651","M-H2O-H[-]","0.000272623698975849"
"163.039759718931","C02763","M-H[-]","0.000307937398986269"
"163.039759718931","PHENYL-PYRUVATE","M-H[-]","0.000307937398986269"
"155.143830069887","ARACHIDIC_ACID","M-2H[2-]","0.000308727442984491"
"155.143830069887","PHYTANATE","M-2H[2-]","0.000308727442984491"
"759.795206264819","5-DIPHOSPHO-1D-MYO-INOSITOL-12346P","M+Na-2H[-]","5.82217589908396e-05"
"759.795206264819","CPD-11700","M+Na-2H[-]","5.82217589908396e-05"
"759.795206264819","CPD-11937","M+Na-2H[-]","5.82217589908396e-05"
"442.152208171763","BETA-D-GALACTOSYL-ETCETERA-GLUCOSAMINE","M+CH3COO[-]","0.00384747903706284"
"442.152208171763","DIHYDROFOLATE","M-H[-]","0.00415319543304804"
"254.073072947611","CPD-13403","M+Cl37[-]","0.000916962110977693"
"480.490950519488","CPD-14270","M(C13)-H[-]","0.00419568765806844"
"273.208054145992","CPD-7836","M+HCOO[-]","0.0014790029919709"
"243.197253039595","CPD-7836","M-H+O[-]","0.000689363365012241"
"215.165466190168","DODECANOATE","M-H+O[-]","0.00020264233799594"
"455.151909405817","5-10-METHENYL-THF","M-H[-]","0.00397060261298066"
"564.217141523701","TAUROLITHOCHOLATE","M+Br81[-]","0.0010027264989958"
"227.20203707733","CPD-7836","M-H[-]","0.000383401100009451"
"189.104299790505","CPD-12018","M-H[-]","0.000963175375005676"
"423.15108274077","CPD-316","M+HCOO[-]","0.000496718830049758"
"301.239442788582","CPD6666-1","M+Na-2H[-]","0.000130971322050755"
"301.239442788582","PALMITATE","M+HCOO[-]","0.00156751718196801"
"143.107289424076","CPD-195","M-H[-]","0.00046386695399292"
"143.107289424076","CPD-371","M-H+O[-]","0.000459244853999508"
"251.165962870988","CPD-7204","M+CH3COO[-]","0.00125260688801632"
"149.023978285799","CPD-782","M-H2O-H[-]","0.000403992630992889"
"149.023978285799","DIHYDROXYPHENYLGLYCOLALDEHYDE","M-H2O-H[-]","0.000403992630992889"
"149.023978285799","HOMOGENTISATE","M-H2O-H[-]","0.000403992630992889"
"177.055484724208","1-INDANONE","M+HCOO[-]","0.000324845307972055"
"115.039439446889","2-KETO-ISOVALERATE","M-H[-]","0.000628209441003946"
"485.281025586451","CPD-7238","M+Br81[-]","0.000705198549042052"
"485.281025586451","GLYCOCHOLIC_ACID","M+Na-2H[-]","0.00454040189100624"
"546.222768586364","GLYCOCHOLIC_ACID","M+Br81[-]","0.00256953173595775"
"174.055835429697","3-INDOLYLGLYCOLALDEHYDE","M-H[-]","0.000216641832992082"
"174.055835429697","5-HYDROXYINDOLE_ACETALDEHYDE","M-H[-]","0.000216641832992082"
"174.055835429697","CPD-11715","M-H2O-H[-]","0.000181328132981662"
"174.055835429697","INDOLE_ACETALDEHYDE","M-H+O[-]","0.000212019732998669"
"174.055835429697","INDOLE_ACETATE_AUXIN","M-H[-]","0.000216641832992082"
"151.039777863057","34-DIHYDROXYPHENYLACETALDEHYDE","M-H[-]","0.00028979327299794"
"151.039777863057","CPD-11495","M-H[-]","0.00028979327299794"
"151.039777863057","CPD-11878","M-H2O-H[-]","0.00025447957298752"
"151.039777863057","CPD-6442","M-H[-]","0.00028979327299794"
"151.039777863057","HYDRPHENYLAC-CPD","M-H+O[-]","0.000285171173004528"
"151.039777863057","PHENYLACETATE","M-H+O[-]","0.000285171173004528"
"269.140552705369","CPD-731","M+CH3COO[-]","0.00166326126901595"
"134.04671519178","C00147","M-H[-]","0.000503527949973659"
"134.04671519178","HOMO-SER","M-H+O[-]","0.000838498150017131"
"134.04671519178","THR","M-H+O[-]","0.000838498150017131"
"619.23069048487","C00486","M+Cl[-]","0.00169442412993703"
"325.185545572011","C02838","M+Cl37[-]","0.00216211541101075"
"438.152768127803","METHYLENE-THF","M-H2O-H[-]","0.000336912726993432"
"825.813355544263","CPD-11400","M-H[-]","0.00149285716690883"
"825.813355544263","CPD-11402","M-H[-]","0.00149285716690883"
"115.075782750462","C02373","M-H+O[-]","0.000665790068012484"
"115.075782750462","TRANS-2-HEXENOL","M-H+O[-]","0.000665790068012484"
"135.044624430597","HYDRPHENYLAC-CPD","M-H[-]","0.000528603633000557"
"135.044624430597","C00601","M-H+O[-]","0.000523981533007145"
"135.044624430597","PHENYLACETATE","M-H[-]","0.000528603633000557"
"277.21812345824","CPD-8117","M-H[-]","0.000819717809974918"
"277.21812345824","LINOLENIC_ACID","M-H[-]","0.000819717809974918"
"309.208352553245","CPD-13089","M-H+O[-]","0.0012241907149928"
"309.208352553245","CPD-13090","M-H+O[-]","0.0012241907149928"
"309.208352553245","CPD-13091","M-H+O[-]","0.0012241907149928"
"309.208352553245","CPD-730","M-H+O[-]","0.0012241907149928"
"201.186087513036","CPD-7867","M-H+O[-]","8.85231060010483e-05"
"335.224166830755","DEHYDROSPHINGANINE","M+K-2H[-]","0.000790327195034024"
"335.224166830755","C00319","M+K-2H[-]","0.000790327195034024"
"335.224166830755","17-BETA-HYDROXY-5ALPHA-ANDROSTAN-3-O","M+HCOO[-]","0.00194162355495564"
"335.224166830755","5Z13E-15S-9-ALPHA11-ALPHA15-TRIHY","M-H2O-H[-]","0.00141909562501041"
"335.224166830755","5Z8Z10E14Z-12S-12-HYDROPEROXYICOS","M-H[-]","0.00138378192502842"
"335.224166830755","5Z8Z11Z13E-15S-15-HYDROPEROXYICOS","M-H[-]","0.00138378192502842"
"335.224166830755","6E8Z11Z14Z-5S-5-HYDROPEROXYCOSA-6","M-H[-]","0.00138378192502842"
"335.224166830755","6Z8E10E14Z-5S12R-512-DIHYDROXYI","M-H[-]","0.00138378192502842"
"335.224166830755","ALPROSTADIL","M-H2O-H[-]","0.00141909562501041"
"335.224166830755","C00523","M+HCOO[-]","0.00194162355495564"
"315.162266361959","CPD66-25","M-H+O[-]","0.00208819202896393"
"315.162266361959","C00468","M+HCOO[-]","0.00264141155895459"
"101.0600700346","CPD-13229","M-H+O[-]","0.000728441730004192"
"101.0600700346","CPD-7031","M-H+O[-]","0.000728441730004192"
"101.0600700346","METHYLBUT-CPD","M-H+O[-]","0.000728441730004192"
"155.143816457277","ARACHIDIC_ACID","M-2H[2-]","0.000322340052974823"
"155.143816457277","PHYTANATE","M-2H[2-]","0.000322340052974823"
"107.04960685171","BENZYL-ALCOHOL","M-H[-]","0.000631560420004007"
"107.04960685171","CPD-7202","M-2H[2-]","0.000631560420004007"
"107.04960685171","N3-METHYLCYTOSINE","M-H2O-H[-]","0.000746423979990141"
"695.797048968931","MI-HEXAKISPHOSPHATE","M+K-2H[-]","0.00526866572897688"
"315.255186222587","PALMITATE","M+CH3COO[-]","0.0016609511869774"
"371.245290860588","CPD-13092","M+CH3COO[-]","0.00193634498799611"
"371.245290860588","CPD-13093","M+CH3COO[-]","0.00193634498799611"
"371.245290860588","CPD-13094","M+CH3COO[-]","0.00193634498799611"
"214.181585971106","C02477","M-2H[2-]","0.00167798672399044"
"214.181585971106","CPD-5847","M-2H[2-]","0.00167798672399044"
"214.181585971106","CPD-8611","M-2H[2-]","0.00167798672399044"
"108.021007277949","AMINO-ACETONE","M+Cl[-]","0.000656574050992731"
"108.021007277949","CPD-181","M-2H[2-]","0.000670659980997357"
"108.021007277949","CPD-6082","M+Cl[-]","0.000656574050992731"
"93.0006907132898","CPD-7046","M+CH3COO[-]","0.000325040910198027"
"93.0006907132898","CPD-7671","M+HCOO[-]","0.000325105110192681"
"93.0006907132898","HS","M+CH3COO[-]","0.000325040910198027"
"198.092464699668","CPD-11877","M(S34)-H[-]","0.00125218656199877"
"121.028919375916","C00633","M-H[-]","0.000583594113990671"
"483.18740911263","C01674","M+CH3COO[-]","0.00480436032995613"
"269.176936550363","CPD0-1159","M+HCOO[-]","0.00166153576299166"
"147.081188998074","CPD-9978","M-H2O-H[-]","0.000314228755968315"
"75.0079758802056","C00067","M+HCOO[-]","0.000233806094399824"
"370.144066845371","C01137","M-H+O[-]","0.00119898634102356"
"980.404470028836","CPD0-1080","M+CH3COO[-]","0.00968765653612991"
"209.129790871273","N6N6N6-TRIMETHYL-L-LYSINE","M+Na-2H[-]","0.00204087611299997"
"219.175787289226","2-TRANS6-TRANS-FARNESAL","M-H[-]","0.000348363496016191"
"219.175787289226","CPD-4573","M-2H[2-]","0.000348363496016191"
"371.245293702502","CPD-13092","M+CH3COO[-]","0.0019391869020069"
"371.245293702502","CPD-13093","M+CH3COO[-]","0.0019391869020069"
"371.245293702502","CPD-13094","M+CH3COO[-]","0.0019391869020069"
"495.193138845258","CPD0-1028","M+HCOO[-]","0.00186731495796266"
"495.193138845258","C00353","M+HCOO[-]","0.00186731495796266"
"177.091867614056","CPD-396","M+ACN-H[-]","0.00111115942601714"
"281.2495736029","OLEATE-CPD","M-H[-]","0.00096973406999723"
"185.191100786496","CPD-7867","M-H[-]","1.17965660137997e-05"
"209.191353832479","CPD-7836","M-H2O-H[-]","0.000300156249011252"
"225.113631724439","CPD-731","M-H+O[-]","0.000403747109004371"
"225.113631724439","CPD-9978","M+CH3COO[-]","0.000957030839003892"
"201.113372307446","CPD-10806","M+HCOO[-]","0.000697549646019979"
"211.134225191203","CPD-10050","M+CH3COO[-]","0.000815055503011308"
"211.134225191203","CPD-10051","M+CH3COO[-]","0.000815055503011308"
"211.134225191203","CPD-260","M+CH3COO[-]","0.000815055503011308"
"211.134225191203","CPD-261","M+CH3COO[-]","0.000815055503011308"
"211.134225191203","CPD-9762","M+CH3COO[-]","0.000815055503011308"
"211.134225191203","C01499","M+CH3COO[-]","0.000815055503011308"
"250.145772536614","CPD-731","M+ACN-H[-]","0.000909559284025363"
"87.044397093064","C01412","M-H+O[-]","0.000751319065997791"
"87.044397093064","BUTYRIC_ACID","M-H[-]","0.000755941165991203"
"87.044397093064","CPD-7000","M-H+O[-]","0.000751319065997791"
"87.044397093064","ETHYLENE-CMPD","M+CH3COO[-]","0.00019803533599827"
"483.186679368488","C01674","M+CH3COO[-]","0.00407461618794969"
"509.209438332613","CPD0-1028","M+CH3COO[-]","0.00251680231298224"
"509.209438332613","C00353","M+CH3COO[-]","0.00251680231298224"
"269.140472370222","CPD-731","M+CH3COO[-]","0.00158292612206878"
"341.270971981655","OLEATE-CPD","M+CH3COO[-]","0.0017966460549701"
"135.044590315112","HYDRPHENYLAC-CPD","M-H[-]","0.000562719117993993"
"135.044590315112","C00601","M-H+O[-]","0.000558097018000581"
"135.044590315112","PHENYLACETATE","M-H[-]","0.000562719117993993"
"143.10731541577","CPD-195","M-H[-]","0.000437875259990506"
"143.10731541577","CPD-371","M-H+O[-]","0.000433253159997093"
"135.044610382921","HYDRPHENYLAC-CPD","M-H[-]","0.000542651308990116"
"135.044610382921","C00601","M-H+O[-]","0.000538029208996704"
"135.044610382921","PHENYLACETATE","M-H[-]","0.000542651308990116"
"313.239702630685","18-HYDROXYOLEATE","M-H+O[-]","0.00127413975496893"
"313.239702630685","CPD-13086","M-H[-]","0.00126951765497552"
"129.055198518433","2-KETO-3-METHYL-VALERATE","M-H[-]","0.000519202096995741"
"129.055198518433","2K-4CH3-PENTANOATE","M-H[-]","0.000519202096995741"
"129.055198518433","CPD-13228","M+HCOO[-]","3.86395330167488e-05"
"129.055198518433","MEVALONATE","M-H2O-H[-]","0.000483888396985321"
"129.055198518433","PRENAL","M+HCOO[-]","3.86395330167488e-05"
"277.145442345399","CPD-11962","M-H[-]","0.000909617568993326"
"129.091579109179","CPD-7619","M-H[-]","0.000524117650996914"
"129.091579109179","CPD-7620","M-H+O[-]","0.000519495551003502"
"243.197250077544","CPD-7836","M-H+O[-]","0.000686401313998886"
"85.0287510139886","CPD-12175","M-H2O-H[-]","0.000716642341416218"
"85.0287510139886","CPD-1843","M-H2O-H[-]","0.000716642341416218"
"85.0287510139886","CPD-335","M-H2O-H[-]","0.000716642341416218"
"255.233771677011","C00517","M-H+O[-]","0.000822494481013791"
"255.233771677011","PALMITATE","M-H[-]","0.000817872381020379"
"269.176890414742","CPD0-1159","M+HCOO[-]","0.00161540014198636"
"546.223116168612","GLYCOCHOLIC_ACID","M+Br81[-]","0.00222194948798915"
"152.035017132582","3-HYDROXY-ANTHRANILATE","M-H[-]","0.000299496847986802"
"152.035017132582","3-PYRIDYLACETIC-ACID","M-H+O[-]","0.00029487474799339"
"152.035017132582","ANTHRANILATE","M-H+O[-]","0.00029487474799339"
"146.024383897527","CPD-12373","M-H[-]","0.000368045602982647"
"193.087060162844","1-INDANOL","M+CH3COO[-]","0.000600219744001151"
"199.17049711881","DODECANOATE","M-H[-]","0.000143570980014829"
"467.838545868895","DIIODO-L-TYROSINE","M+Cl[-]","0.00246670849497832"
"73.0287163661378","ETHYLENE-CMPD","M+HCOO[-]","0.00022876226221058"
"138.019179893428","2-AMINO-MUCONATE","M-H2O-H[-]","0.00045135810196939"
"138.019179893428","NIACINE","M-H+O[-]","0.000482049701986398"
"138.019179893428","P-NITROPHENOL","M-H[-]","0.00048667180197981"
"138.019179893428","PICOLINATE","M-H+O[-]","0.000482049701986398"
"467.834980895382","DIIODO-L-TYROSINE","M+Cl[-]","0.00109826501801535"
"96.9688004446238","CPD-12799","M+HCOO[-]","0.00043691957621661"
"96.9688004446238","H2CO3","M+Cl[-]","0.000493485876191357"
"96.9688004446238","HCO3","M+Cl[-]","0.000493485876191357"
"460.162074539607","CPD3DJ-11366","M+Br81[-]","0.00298530589299162"
"460.162074539607","THF","M-H+O[-]","0.00345949907699605"
"149.060470938841","1-INDANOL","M-H+O[-]","0.000327537488999496"
"201.186057574014","CPD-7867","M-H+O[-]","5.85840840017227e-05"
"183.102638187332","CPD-7618","M-H+O[-]","2.51036979932451e-05"
"183.102638187332","CPD-9976","M-H+O[-]","2.51036979932451e-05"
"183.102638187332","CPD-9977","M-H+O[-]","2.51036979932451e-05"
"85.028754994042","CPD-12175","M-H2O-H[-]","0.000712662288009369"
"85.028754994042","CPD-1843","M-H2O-H[-]","0.000712662288009369"
"85.028754994042","CPD-335","M-H2O-H[-]","0.000712662288009369"
"93.0338574455597","CPD-289","M-H2O-H[-]","0.000695588670296843"
"229.181435598485","N6N6N6-TRIMETHYL-L-LYSINE","M+ACN-H[-]","0.00186413655501383"
"163.039798228908","15-ANHYDRO-D-FRUCTOSE","M(S34)-H[-]","0.00154873582198434"
"163.039798228908","4-HYDROXYPHENYLLACTATE","M-H2O-H[-]","0.000234113721973017"
"163.039798228908","COUMARATE","M-H[-]","0.000269427421983437"
"163.039798228908","CPD-11876","M-H2O-H[-]","0.000234113721973017"
"163.039798228908","CPD-7651","M-H2O-H[-]","0.000234113721973017"
"163.039798228908","C02763","M-H[-]","0.000269427421983437"
"163.039798228908","PHENYL-PYRUVATE","M-H[-]","0.000269427421983437"
"431.172692548743","CPD0-1028","M-H2O-H[-]","0.00305751478697402"
"431.172692548743","C00353","M-H2O-H[-]","0.00305751478697402"
"135.044608920308","HYDRPHENYLAC-CPD","M-H[-]","0.00054411392198972"
"135.044608920308","C00601","M-H+O[-]","0.000539491821996307"
"135.044608920308","PHENYLACETATE","M-H[-]","0.00054411392198972"
"149.060471344443","1-INDANOL","M-H+O[-]","0.00032713188701905"
"458.164596626407","METHYLENE-THF","M(Cl37)-H[-]","0.00369158587699303"
"458.164596626407","CPD3DJ-11366","M+Br[-]","0.00246321909293101"
"184.134240340456","CPD-195","M+ACN-H[-]","5.79505739892738e-05"
"98.9551366664126","C00059","M(S34)-H[-]","0.000766109417398297"
"738.784473911142","MI-HEXAKISPHOSPHATE","M+Br[-]","0.00480334294195472"
"165.019120110919","CPD-30","M+K-2H[-]","0.00080555804100868"
"165.019120110919","L-PIPECOLATE","M+K-2H[-]","0.00080555804100868"
"165.019120110919","CPD-11879","M-H2O-H[-]","0.000176789610975447"
"412.404611766388","CPD-11400","M-2H[2-]","0.000825799058020493"
"412.404611766388","CPD-11402","M-2H[2-]","0.000825799058020493"
"309.13897865208","12-DEHYDRORETICULINIUM","M-H2O-H[-]","0.00197191905004956"
"517.869931221722","CPD-13017","M+Cl37[-]","0.000466555022057946"
"517.869931221722","CPD-13019","M+Cl37[-]","0.000466555022057946"
"517.869931221722","CPD-13020","M+Cl37[-]","0.000466555022057946"
"99.0443585887987","CPD-13228","M-H+O[-]","0.000789823331302841"
"99.0443585887987","CPD-14642","M-H2O-H[-]","0.000759131731314255"
"99.0443585887987","PRENAL","M-H+O[-]","0.000789823331302841"
"239.060351031138","C00525","M+Cl[-]","0.00157339133801315"
"239.060351031138","TRP","M+Cl[-]","0.00157339133801315"
"369.229564631914","5Z13E-15S-9-ALPHA11-ALPHA15-TRIHY","M-H+O[-]","0.00130689678400131"
"369.229564631914","ALPROSTADIL","M-H+O[-]","0.00130689678400131"
"463.190425753032","CPD-14704","M(C13)-H[-]","0.00453352189799716"
"220.147207183266","DODECANOATE","M+Na-2H[-]","0.00213010220599585"
"211.134156398019","CPD-10050","M+CH3COO[-]","0.000746262319012203"
"211.134156398019","CPD-10051","M+CH3COO[-]","0.000746262319012203"
"211.134156398019","CPD-260","M+CH3COO[-]","0.000746262319012203"
"211.134156398019","CPD-261","M+CH3COO[-]","0.000746262319012203"
"211.134156398019","CPD-9762","M+CH3COO[-]","0.000746262319012203"
"211.134156398019","C01499","M+CH3COO[-]","0.000746262319012203"
"196.134345159867","CPD-10806","M+ACN-H[-]","4.68688370176551e-05"
"227.129387357655","CPD-7618","M+CH3COO[-]","0.00106259985500401"
"227.129387357655","CPD-9976","M+CH3COO[-]","0.00106259985500401"
"227.129387357655","CPD-9977","M+CH3COO[-]","0.00106259985500401"
"171.138858938048","CPD-3617","M-H[-]","0.000194481381981859"
"232.044260716035","CIT","M+ACN-H[-]","0.00201042869497314"
"232.044260716035","CPD-13907","M+ACN-H[-]","0.00201042869497314"
"232.044260716035","CPD-13913","M+ACN-H[-]","0.00201042869497314"
"232.044260716035","CPD-334","M+ACN-H[-]","0.00201042869497314"
"232.044260716035","THREO-DS-ISO-CITRATE","M+ACN-H[-]","0.00201042869497314"
"219.175660126582","2-TRANS6-TRANS-FARNESAL","M-H[-]","0.000221200851996173"
"219.175660126582","CPD-4573","M-2H[2-]","0.000221200851996173"
"101.023750325476","2-OXOBUTANOATE","M-H[-]","0.000667266654005516"
"101.023750325476","3-KETOBUTYRATE","M-H[-]","0.000667266654005516"
"101.023750325476","CH3-MALONATE-S-ALD","M-H[-]","0.000667266654005516"
"101.023750325476","SUCC-S-ALD","M-H[-]","0.000667266654005516"
"227.071855294017","CPD-13518","M+Cl37[-]","0.000635042482997505"
"227.071855294017","CPD-13175","M-H2O-H[-]","0.000522822987051086"
"135.0446552474","HYDRPHENYLAC-CPD","M-H[-]","0.000497786830010227"
"135.0446552474","C00601","M-H+O[-]","0.000493164730016815"
"135.0446552474","PHENYLACETATE","M-H[-]","0.000497786830010227"
"159.066067949668","INDOLE_ACETALDEHYDE","M(C13)-H[-]","0.00153050023800461"
"87.008044674769","ASCORBATE","M-2H[2-]","0.000722853161008175"
"87.008044674769","CPD-37","M-2H[2-]","0.000722853161008175"
"87.008044674769","GLYCERATE","M-H2O-H[-]","0.000687539461011966"
"87.008044674769","MALONATE-S-ALD","M-H[-]","0.000722853161008175"
"87.008044674769","METHYL-GLYOXAL","M-H+O[-]","0.000718231061014762"
"87.008044674769","PYRUVATE","M-H[-]","0.000722853161008175"
"101.060095199242","CPD-13229","M-H+O[-]","0.000703277088007326"
"101.060095199242","CPD-7031","M-H+O[-]","0.000703277088007326"
"101.060095199242","METHYLBUT-CPD","M-H+O[-]","0.000703277088007326"
"323.130602783955","CPD-511","M+HCOO[-]","0.00292988895495228"
"500.280265760583","GLYCOCHOLIC_ACID","M+Cl[-]","0.0023276424830101"
"146.045500955687","C01015","M-H+O[-]","0.000375737942988508"
"146.045500955687","5-AMINO-LEVULINATE","M-H+O[-]","0.000375737942988508"
"146.045500955687","GLT","M-H[-]","0.00038036004298192"
"146.045500955687","GLYCERATE","M+ACN-H[-]","0.000376258542985397"
"146.045500955687","L-GLUTAMATE_GAMMA-SEMIALDEHYDE","M-H+O[-]","0.000375737942988508"
"325.170253236819","C06526","M(S34)-H[-]","0.00204832141093902"
"94.9243616223128","HSCN","M+K-2H[-]","0.000444828552801368"
"99.0080295589621","4-FUMARYL-ACETOACETATE","M-2H[2-]","0.000737968967911229"
"99.0080295589621","4-MALEYL-ACETOACETATE","M-2H[2-]","0.000737968967911229"
"99.0080295589621","SUC","M-H2O-H[-]","0.00070265526791502"
"197.09735436127","CPD-7202","M-H2O-H[-]","0.000201070240024137"
"227.129236635478","CPD-7618","M+CH3COO[-]","0.000911877678021256"
"227.129236635478","CPD-9976","M+CH3COO[-]","0.000911877678021256"
"227.129236635478","CPD-9977","M+CH3COO[-]","0.000911877678021256"
"89.0236738869978","3-HYDROXY-PROPIONATE","M-H[-]","0.000743705132208561"
"89.0236738869978","ACETALD","M+HCOO[-]","0.000185863502196071"
"89.0236738869978","ACETOL","M-H+O[-]","0.000739083032215149"
"89.0236738869978","ALPHA-D-GALACTOSE","M-2H[2-]","0.000743705132208561"
"89.0236738869978","ALPHA-GLUCOSE","M-2H[2-]","0.000743705132208561"
"89.0236738869978","BETA-D-FRUCTOSE","M-2H[2-]","0.000743705132208561"
"89.0236738869978","CPD-12601","M-2H[2-]","0.000743705132208561"
"89.0236738869978","CPD-13559","M-2H[2-]","0.000743705132208561"
"89.0236738869978","CPD-358","M-H+O[-]","0.000739083032215149"
"89.0236738869978","CPD-9569","M-2H[2-]","0.000743705132208561"
"89.0236738869978","D-LACTATE","M-H[-]","0.000743705132208561"
"89.0236738869978","C00184","M-H[-]","0.000743705132208561"
"89.0236738869978","C00067","M+CH3COO[-]","0.000185799302201417"
"89.0236738869978","GALACTOSE","M-2H[2-]","0.000743705132208561"
"89.0236738869978","GLC","M-2H[2-]","0.000743705132208561"
"89.0236738869978","GLYCERALD","M-H[-]","0.000743705132208561"
"89.0236738869978","L-LACTATE","M-H[-]","0.000743705132208561"
"89.0236738869978","LACTALD","M-H+O[-]","0.000739083032215149"
"89.0236738869978","C00137","M-2H[2-]","0.000743705132208561"
"135.044643262748","HYDRPHENYLAC-CPD","M-H[-]","0.000509771482001042"
"135.044643262748","C00601","M-H+O[-]","0.00050514938200763"
"135.044643262748","PHENYLACETATE","M-H[-]","0.000509771482001042"
"516.848481151802","CPD-13017","M+K-2H[-]","0.00396941864210021"
"516.848481151802","CPD-13019","M+K-2H[-]","0.00396941864210021"
"516.848481151802","CPD-13020","M+K-2H[-]","0.00396941864210021"
"211.134156263124","CPD-10050","M+CH3COO[-]","0.000746127424008591"
"211.134156263124","CPD-10051","M+CH3COO[-]","0.000746127424008591"
"211.134156263124","CPD-260","M+CH3COO[-]","0.000746127424008591"
"211.134156263124","CPD-261","M+CH3COO[-]","0.000746127424008591"
"211.134156263124","CPD-9762","M+CH3COO[-]","0.000746127424008591"
"211.134156263124","C01499","M+CH3COO[-]","0.000746127424008591"
"622.272019163688","BILIVERDINE","M+ACN-H[-]","0.00491578565799955"
"622.272019163688","TAUROLITHOCHOLATE-SULFATE","M+CH3COO[-]","6.53571880775417e-05"
"146.045476888415","C01015","M-H+O[-]","0.000399805214982507"
"146.045476888415","5-AMINO-LEVULINATE","M-H+O[-]","0.000399805214982507"
"146.045476888415","GLT","M-H[-]","0.000404427314975919"
"146.045476888415","GLYCERATE","M+ACN-H[-]","0.000400325814979396"
"146.045476888415","L-GLUTAMATE_GAMMA-SEMIALDEHYDE","M-H+O[-]","0.000399805214982507"
"227.202068591303","CPD-7836","M-H[-]","0.000414915073008615"
"458.167798288916","CPD3DJ-11366","M+Br[-]","0.000738443416082646"
"604.241675138861","PROTOPORPHYRINOGEN","M+K-2H[-]","0.00422772079912193"
"113.035008214319","3-UREIDO-PROPIONATE","M-H2O-H[-]","0.00060745241098914"
"113.035008214319","ASN","M-H2O-H[-]","0.00060745241098914"
"113.035008214319","DI-H-URACIL","M-H[-]","0.00064276611099956"
"113.060163840994","TRANS-2-HEXENAL","M-H+O[-]","0.000634635336012934"
"154.063236486248","CPD-824","M-H2O-H[-]","0.00107171801801087"
"154.063236486248","DI-H-URACIL","M+ACN-H[-]","0.00104050581802539"
"154.063236486248","HIS","M-H[-]","0.00103640431800045"
"171.102495261442","CPD-10806","M-H+O[-]","0.000168029587996443"
"157.086718306779","TRANS-2-HEXENAL","M+CH3COO[-]","0.000258363678995011"
"166.050724362934","CPD-569","M+K-2H[-]","0.000835785426005486"
"166.050724362934","C00250","M-H[-]","0.000242330695982673"
"145.050257748283","15-ANHYDRO-D-GLUCITOL","M-H2O-H[-]","0.000339280646983298"
"145.050257748283","2-KETO-3-METHYL-VALERATE","M-H+O[-]","0.000369972247000305"
"145.050257748283","2K-4CH3-PENTANOATE","M-H+O[-]","0.000369972247000305"
"145.050257748283","CPD-10329","M-H2O-H[-]","0.000339280646983298"
"145.050257748283","CPD-9446","M-H2O-H[-]","0.000339280646983298"
"135.044645339773","HYDRPHENYLAC-CPD","M-H[-]","0.000507694456985064"
"135.044645339773","C00601","M-H+O[-]","0.000503072356991652"
"135.044645339773","PHENYLACETATE","M-H[-]","0.000507694456985064"
